project,Popularity,Size,Community,Activity,Maturity,Repl. Msg (%),category
iosched,2920,7227.3333333333,95.5866666667,130.88,933,100,Application
muzei,625.25,28992.6666666667,70.5416666667,101.8125,560,100,Application
k-9,932.75,89532.6666666667,80.1816666667,20.2725,2488,77.7777777778,Application
actor-platform,559.25,5460,402.1538461538,596.7307692308,308,60.8695652174,Application
Android-PullToRefresh,2527.75,6348.6666666667,17.3650793651,15.5476190476,431,100,Non-web libraries and frameworks
picasso,2397.25,1144.3333333333,28.1264367816,13.1896551724,891,100,Non-web libraries and frameworks
android-volley,902,92093,19.5641025641,16.3461538462,1018,100,Non-web libraries and frameworks
zxing,2586.75,22630,66.3333333333,78.5,2858,100,Non-web libraries and frameworks
guice,672.5,10075.6666666667,191.5,278.25,3240,100,Non-web libraries and frameworks
facebook-android-sdk,1478.25,1959.6666666667,74.9880952381,98.4821428571,1919,100,Non-web libraries and frameworks
Bolts-Android,610.5,5919.3333333333,16.4722222222,18.7083333333,562,100,Non-web libraries and frameworks
androidquery,642.25,260000.666666667,110.4444444444,162.6666666667,1048,100,Non-web libraries and frameworks
h2o-2,652,5733.3333333333,145.4255319149,194.6382978723,856,100,Non-web libraries and frameworks
Calligraphy,714.25,8094.3333333333,10.4444444444,3.6666666667,573,100,Non-web libraries and frameworks
ListViewAnimations,1499.5,1990.3333333333,29.5238095238,37.2857142857,755,100,Non-web libraries and frameworks
jsoup,779.25,76525.3333333333,30.4916666667,25.7375,2023,100,Non-web libraries and frameworks
jna,658.5,11336,120.4825870647,147.223880597,6167,90,Non-web libraries and frameworks
fresco,1960.5,11651.3333333333,152.2564102564,221.8846153846,137,80,Non-web libraries and frameworks
junit,1511.75,339453.666666667,76.0383333333,14.0575,5363,77.9661016949,Non-web libraries and frameworks
libgdx,3052,16938,177.4616666667,66.1925,1994,77.7777777778,Non-web libraries and frameworks
MaterialEditText,621,1398.3333333333,17.6923076923,20.0384615385,217,66.6666666667,Non-web libraries and frameworks
stetho,886.5,164925.333333333,47.1666666667,60.75,203,66.6666666667,Non-web libraries and frameworks
neo4j,763.5,54587,172.315,158.4725,3011,59.9277978339,Non-web libraries and frameworks
guava,1495.5,15983,497.3010752688,730.4516129032,2253,56.6666666667,Non-web libraries and frameworks
acra,769.5,8961.3333333333,16.8045977011,10.7068965517,1931,50,Non-web libraries and frameworks
dubbo,1296.5,557047.333333333,495.4333333333,738.15,1259,45.4545454545,Non-web libraries and frameworks
processing,737.5,99461.3333333333,85.5142857143,93.2714285714,5139,42.8571428571,Non-web libraries and frameworks
gocd,547.75,18612.3333333333,340.1635220126,483.7452830189,617,35.5371900826,Non-web libraries and frameworks
MaterialDrawer,717.5,5700,27.619047619,30.9285714286,524,33.3333333333,Non-web libraries and frameworks
HikariCP,538,48218.6666666667,23.5151515152,18.7727272727,683,33.3333333333,Non-web libraries and frameworks
robospice,821,18951,46.6527777778,57.9791666667,758,25,Non-web libraries and frameworks
roboguice,1107.75,13402,234.6470588235,343.4705882353,1979,16.1290322581,Non-web libraries and frameworks
HoloEverywhere,816.25,13909.3333333333,87.9024390244,111.3536585366,931,14.8148148148,Non-web libraries and frameworks
PhotoView,1513.25,1420.3333333333,13.9285714286,13.8928571429,1016,14.2857142857,Non-web libraries and frameworks
UltimateRecyclerView,510.25,19058,134.4444444444,198.6666666667,205,8.3333333333,Non-web libraries and frameworks
druid,991.25,48221.3333333333,123.3181818182,162.9772727273,1032,5,Non-web libraries and frameworks
netty,2157.25,31774.3333333333,109.0066666667,63.51,2569,64.9635036496,Software tools
spring-boot,1542.75,95913,100.7933333333,51.19,1034,55.8139534884,Software tools
OpenRefine,986,12858.6666666667,88.7435897436,120.1153846154,1908,25,Software tools
Hystrix,1261.25,142283.333333333,45.108974359,41.6634615385,1243,14.2857142857,Software tools
RxJava,2210.25,11499.6666666667,82.3883333333,23.5825,1250,100,System Software
j2objc,919,218493.666666667,1526.9696969697,2284.9545454546,1079,75.1269035533,System Software
gradle,1019.75,81378.3333333333,150.7766666667,126.165,2720,67.1428571429,System Software
atmosphere,777.75,64362,54.9925925926,37.4888888889,1932,53.3333333333,System Software
orientdb,674,517713.666666667,154.1300813008,190.1951219512,1962,14.1592920354,System Software
kotlin,626.75,99161.6666666667,212.7283333333,219.0925,1747,93.75,System Software
cassandra,935.25,49775.6666666667,128.9183333333,93.3775,2363,9.3457943925,System Software
titan,950.75,13108.3333333333,161.7023809524,228.5535714286,1165,9.0909090909,System Software
glide,1343,11513,123.6041666667,177.40625,974,100,Web libraries and frameworks
okhttp,1872,106418.333333333,48.3196347032,35.9794520548,1538,75,Web libraries and frameworks
spring-framework,3296.25,26854.3333333333,198.205,197.3075,2598,68.7116564417,Web libraries and frameworks
commons-io,68.5,11953,78.6666666667,110.5,4953,100,Non-web libraries and frameworks
Koloboke,113.75,2636.3333333333,402.2222222222,601.8333333333,530,100,Non-web libraries and frameworks
parseq,121,11371.6666666667,76.4444444444,108.6666666667,1064,100,Web libraries and frameworks
commons-lang,150,2632.3333333333,94.5172413793,127.275862069,4772,100,Non-web libraries and frameworks
zt-exec,54.25,10675.6666666667,32.3333333333,45.5,817,100,Non-web libraries and frameworks
WeatherLib,177,2201,57.1904761905,82.2857142857,476,100,Non-web libraries and frameworks
truth,127.25,50097.6666666667,32.8333333333,41.25,1511,100,Non-web libraries and frameworks
jogl,71,13390.3333333333,334.1333333333,486.2,4459,100,Non-web libraries and frameworks
StartupNews,102.75,1041901.33333333,478.6666666667,717.5,793,100,Non-web libraries and frameworks
chipKIT32-MAX,55.25,5181,170.4833333333,245.725,3647,100,Software tools
raven-java,66.25,1078,26.298245614,29.9473684211,1261,100,Software tools
minimal-json,87.5,15084.6666666667,61.5,89.25,879,100,Non-web libraries and frameworks
jgit,137,14582,98.0555555556,102.0833333333,2151,100,Non-web libraries and frameworks
Android-Universal-Image-Loader,3921.75,67208,23.3904761905,17.5857142857,1351,100,Non-web libraries and frameworks
quickblox-android-sdk,152.75,19139.3333333333,177.4848484848,260.7272727273,1013,100,Application
jgraphx,112.75,6702.3333333333,1129.3333333333,1693,1127,100,Non-web libraries and frameworks
adblockplusandroid,48.25,2620.3333333333,87.8095238095,128.2142857143,1228,100,Application
Carbon,257,3869,264.3333333333,395,197,100,Non-web libraries and frameworks
mcpatcher,60.25,18349.6666666667,535.6666666667,802.5,815,100,Application
spring-batch,291.25,6561.6666666667,123.8888888889,160.3333333333,3053,100,Non-web libraries and frameworks
overthere,45.25,2049.6666666667,40.125,52.1875,1642,100,Non-web libraries and frameworks
CrossBow,30.75,1541.3333333333,0,0,15,100,Web libraries and frameworks
javaewah,58.75,4216,48.303030303,66.9545454545,1781,100,Non-web libraries and frameworks
zoie,115,4326,92.7619047619,135.6428571429,1450,100,System Software
ideavim,407,3065.6666666667,69.8888888889,94.3333333333,4437,100,Software tools
jcabi-aspects,55,4101.6666666667,16.0208333333,16.03125,1177,100,Non-web libraries and frameworks
webmagic,577.5,4239.6666666667,40.8518518519,52.2777777778,722,100,Web libraries and frameworks
osmdroid,190.25,23313.6666666667,90.962962963,131.9444444444,2466,100,Non-web libraries and frameworks
elephant-bird,378,1616.3333333333,37.1066666667,30.66,1889,100,Non-web libraries and frameworks
nifty,143.75,4769.6666666667,105.5185185185,153.7777777778,1195,100,Non-web libraries and frameworks
bobo,68,5350.3333333333,82.8095238095,117.2142857143,1539,100,System Software
st-js,42.75,14327.3333333333,142.9230769231,207.8846153846,1520,100,Software tools
android-maven-plugin,382.5,15380.3333333333,78.57,17.855,2687,100,Software tools
logback,259.5,3342.6666666667,73.5921052632,72.3881578947,3312,100,Non-web libraries and frameworks
GLWallpaperService,71,16706.3333333333,13.6111111111,17.4166666667,835,100,Non-web libraries and frameworks
CLAVIN,63.75,2264.3333333333,18.4722222222,21.7083333333,935,100,Non-web libraries and frameworks
Yaaic,83.75,3137.3333333333,31.4035087719,37.6052631579,2275,100,Application
feign,213.5,12571.3333333333,26,25,1236,100,Web libraries and frameworks
NotePad,112,1521.3333333333,103.7555555556,148.1333333333,1249,100,Application
xssValidator,43.25,12677,43.4166666667,63.125,407,100,Application
photup,270.25,13978.3333333333,512,767.5,379,100,Application
red5-server,135.5,7548,62.5185185185,89.2777777778,634,100,System Software
selendroid,199.75,10823.6666666667,45.0303030303,45.5454545455,931,100,Non-web libraries and frameworks
jbox2d,88.5,4704,158.8484848485,232.7727272727,2793,100,Non-web libraries and frameworks
caffeine,75.75,3160,317.8888888889,473.8333333333,248,100,Non-web libraries and frameworks
functionaljava,173,18916,92.2988505747,123.9482758621,1756,100,Non-web libraries and frameworks
spring-security,529.75,147347,89.4307692308,101.6461538462,4174,100,Non-web libraries and frameworks
Jnario,45.5,14016.3333333333,1723.8333333333,2581.75,1161,100,Non-web libraries and frameworks
ErrorView,116.25,661.6666666667,25.3333333333,37,170,100,Non-web libraries and frameworks
tape,357,924.3333333333,11.7962962963,8.6944444444,1726,100,Non-web libraries and frameworks
java-apns,423.5,2194.3333333333,19.9487179487,16.9230769231,1964,100,Web libraries and frameworks
karyon,142.25,2055.6666666667,29.95,34.925,1250,100,Non-web libraries and frameworks
asynchbase,151.25,17596.3333333333,36.119047619,47.1785714286,1709,100,Non-web libraries and frameworks
parboiled,240.5,7825,105.6,153.4,1953,100,Software tools
spock,247,2067.3333333333,65.0144927536,86.0217391304,3083,100,Non-web libraries and frameworks
Android-Next,79,8462.6666666667,646.5,968.75,676,100,Non-web libraries and frameworks
jolokia,101,3512,89.2222222222,124.8333333333,1822,100,Web libraries and frameworks
httl,85.75,6240.3333333333,253.4444444444,377.1666666667,976,100,Software tools
twitter4j,676.25,113217,76.52,14.78,2982,100,Non-web libraries and frameworks
carrot2,82,121087.666666667,884,1324.5,4413,100,Application
fabric8,197.25,80861.6666666667,71.9696969697,69.4545454545,1590,100,Application
FBReaderJ,405.75,4309.6666666667,145.7849462366,203.1774193548,2874,100,Application
telescope,143.25,435.6666666667,12.1666666667,15.25,281,100,Application
play-pac4j,58,1582,8.303030303,6.9545454545,1011,100,Web libraries and frameworks
WizarDroid,49.5,399,13.7777777778,17.6666666667,923,100,Non-web libraries and frameworks
spring-elasticsearch,63.25,271,17.9047619048,23.3571428571,1141,100,Non-web libraries and frameworks
hibernate-memcached,54.75,970,19.7222222222,26.5833333333,2566,100,Non-web libraries and frameworks
restcountries,94.25,918.3333333333,23.2,32.3,550,100,Non-web libraries and frameworks
snappy,77,1538.3333333333,18.8333333333,24.25,1398,100,Non-web libraries and frameworks
changeloglib,194.25,666.6666666667,43.6666666667,63,664,100,Non-web libraries and frameworks
obd-java-api,51.25,2528,20.0555555556,24.0833333333,682,100,Non-web libraries and frameworks
spring,172,543.3333333333,22.8611111111,28.2916666667,1813,100,Non-web libraries and frameworks
fixture-factory,49.75,715.6666666667,22.6888888889,26.5333333333,1565,100,Software tools
java-api-wrapper,93.5,4329.6666666667,38.6666666667,54.5,1063,100,Non-web libraries and frameworks
elasticsearch-jdbc,346.25,15468.3333333333,25.5057471264,23.7586206897,1149,100,Non-web libraries and frameworks
simpletask-android,53.5,1076.6666666667,46.6923076923,63.5384615385,890,100,Application
spring-data-document-examples,75.75,15711.6666666667,145.4166666667,216.125,330,100,Application
hppc,58.75,1546.6666666667,518,776.5,1903,100,Non-web libraries and frameworks
cloudhopper-smpp,168.5,3249,57.0512820513,79.0769230769,1584,100,Non-web libraries and frameworks
memcached-session-manager,124.25,81057.3333333333,65.5476190476,91.3214285714,2318,100,Software tools
java,129.75,17519,117.5416666667,172.3125,910,100,Non-web libraries and frameworks
android-bankdroid,114,50818.6666666667,39.0540540541,40.0810810811,1916,100,Application
mapbox-android-sdk,202.5,4147.6666666667,44.9027777778,43.3541666667,640,100,System Software
java-memcached-client,183.25,3833.3333333333,45.7586206897,54.1379310345,2647,100,Non-web libraries and frameworks
swift,167.5,24153.3333333333,66.6666666667,90,1183,100,Non-web libraries and frameworks
ChatSecureAndroid,368.5,6755.6666666667,75.4623655914,97.6935483871,1949,100,Application
todo.txt-android,369,10347.3333333333,87.4230769231,118.1346153846,1377,100,Application
live-chat-engine,52,4021.3333333333,725.1111111111,1086.1666666667,122,100,Application
facebook4j,65.75,2702.3333333333,237.1111111111,351.1666666667,1045,100,Non-web libraries and frameworks
android-sqlite-asset-helper,415,512.3333333333,9.5,12.25,1093,100,Software tools
audio-wife,44.25,250.6666666667,47,70,184,100,Non-web libraries and frameworks
GoogleAuth,54.25,1344,12.4444444444,17.1666666667,1228,100,Non-web libraries and frameworks
MaterialSpinner,91.5,876.6666666667,20.6666666667,30,42,100,Application
thymeleaf-layout-dialect,55.25,241.3333333333,12.6666666667,16.5,1123,100,Web libraries and frameworks
jenkins-gitlab-merge-request-builder-plugin,77.5,486.3333333333,9.2857142857,3.4285714286,823,100,Application
Android-BitmapCache,265,426.3333333333,35.6666666667,52.5,398,100,Non-web libraries and frameworks
guava-retrying,56.75,1048.3333333333,14.2857142857,17.9285714286,1039,100,Non-web libraries and frameworks
multi-thread-context,64.25,696,47.1666666667,69.75,618,100,Non-web libraries and frameworks
material-menu,516,381.6666666667,28.1666666667,40.25,324,100,Non-web libraries and frameworks
liblinear-java,62,1224,27.3333333333,39,2469,100,Non-web libraries and frameworks
maven-gae-plugin,51.25,2155.6666666667,16.3095238095,17.4642857143,1660,100,Software tools
Android-Iconics,135.75,9135.3333333333,26.3333333333,36,293,100,Non-web libraries and frameworks
snappy-java,85.5,536.6666666667,15,13,1595,100,Application
netflix-graph,146.25,585.6666666667,81.6666666667,121.5,887,100,Non-web libraries and frameworks
Paginize,92.5,1100,171.6666666667,257,506,100,Non-web libraries and frameworks
webimageloader,38.25,3475.3333333333,85.2222222222,126.3333333333,305,100,Non-web libraries and frameworks
jasmine-maven-plugin,121.75,1872,19.9861111111,17.9791666667,1871,100,Software tools
jsonld-java,62.5,903,40.7450980392,52.6176470588,1183,100,Non-web libraries and frameworks
htmlelements,55.75,6348.3333333333,26.0769230769,32.6153846154,1042,100,Web libraries and frameworks
m2e-android,119.25,19969.3333333333,25.6111111111,29.4166666667,2072,100,Software tools
seyren,195.25,1363.6666666667,20.2183908046,15.8275862069,1197,100,Software tools
libgdx-contribs,51.25,1390,74.5,109.75,1020,100,Non-web libraries and frameworks
dynalink,48.25,142856.333333333,108.5555555556,161.3333333333,1667,100,Non-web libraries and frameworks
HearthStats.net-Uploader,64.5,660.6666666667,31.5,39.25,500,100,Application
spring-retry,45.5,2026.3333333333,52.6666666667,75.5,1421,100,Non-web libraries and frameworks
world,70,2274.3333333333,551,826,346,100,Application
v2ex-daily-android,129.5,695.3333333333,191.1666666667,285.75,375,100,Non-web libraries and frameworks
Transitions-Everywhere,224.25,1581,124.5555555556,185.3333333333,621,100,Non-web libraries and frameworks
EverMemo,162,2408.3333333333,406.6666666667,609.5,310,100,Application
librec,58.75,2680,236.1666666667,353.25,566,100,Non-web libraries and frameworks
pebble,52,3102,43.7380952381,58.6071428571,954,100,Non-web libraries and frameworks
prevayler,62.5,3565,83.8571428571,122.2857142857,4683,100,Non-web libraries and frameworks
floobits-intellij,30.5,3747,140.5,208.75,680,100,Software tools
AisenForAndroid,81.5,9552,647,970,313,100,Non-web libraries and frameworks
sdkexamples-android,112.5,6622.6666666667,85.8333333333,123.75,763,100,Application
BarcodeScanner,400.75,2825,39.9743589744,46.9615384615,1042,100,Application
wiremock,226,3146.3333333333,37.9195402299,42.3793103448,1394,100,Non-web libraries and frameworks
gwtbootstrap3,115.25,3322.3333333333,44.7444444444,52.1166666667,734,100,Software tools
elasticsearch-knapsack,85.25,5027.6666666667,146.5714285714,216.3571428571,904,100,Application
validator,53.5,9877.3333333333,60.2121212121,79.3181818182,3680,100,Application
TweetLanes,262.25,24084,81.5833333333,114.375,600,100,Application
MonsterHunter4UDatabase,54.25,8508.6666666667,110.7857142857,159.1785714286,315,100,System Software
metadata-extractor,62.75,3283.6666666667,196.9444444444,292.4166666667,4807,100,Non-web libraries and frameworks
suro,195.25,5703,112.2121212121,162.8181818182,1198,100,System Software
MozStumbler,190.75,32510.6666666667,42.6064257028,22.4096385542,776,100,Software tools
d2rq,57.75,5272.3333333333,122.1818181818,177.7727272727,3920,100,System Software
jacoco,139.75,3882.6666666667,110.3333333333,158.5,2187,100,Non-web libraries and frameworks
fast-serialization,124.75,16896.6666666667,289.7333333333,432.1,624,100,Software tools
enroscar,58.75,6569.6666666667,312.0666666667,465.6,1562,100,Software tools
spring-security-oauth,614.5,6387.3333333333,53.1896551724,50.7844827586,1800,100,Web libraries and frameworks
restx,102.75,8804.3333333333,129.0555555556,184.5833333333,810,100,Web libraries and frameworks
grpc-java,300.5,4797,76.6222222222,99.9333333333,225,100,Non-web libraries and frameworks
javaslang,86.25,7809.6666666667,145.8571428571,211.7857142857,567,100,Non-web libraries and frameworks
crash,134.25,35372.3333333333,102.7826086957,142.6739130435,2023,100,System Software
platform_dalvik,145.75,91886.3333333333,79.5901639344,88.8852459016,2451,100,System Software
openhab,781.25,42408.3333333333,144.6666666667,67,2008,100,Application
mongo-hadoop,387.25,14325.6666666667,27.0425531915,17.0638297872,1817,98.3050847458,Non-web libraries and frameworks
lwjgl,153.25,12936,261.141025641,378.7115384615,4753,97.4358974359,Non-web libraries and frameworks
sqoop-release,73,10672,211.9743589744,311.4615384615,1521,96.8085106383,System Software
java-driver,260.75,26854.6666666667,56.2768361582,54.9152542373,1106,96.5517241379,Application
robocode,67.25,4812,739.25,1106.875,5059,96.4912280702,Application
c3p0,140.75,3451,209.4,311.6,983,95.652173913,Non-web libraries and frameworks
powermock,83,6809.6666666667,245,363,2655,95.4545454545,Non-web libraries and frameworks
flyway,339.25,6716.3333333333,38.9385964912,39.4078947368,1879,95.2380952381,Application
joda-time,516.75,63930.6666666667,119.3047619048,161.4571428571,4266,95.2380952381,Non-web libraries and frameworks
zaproxy,104,20427,168.1666666667,233.25,1830,95.0617283951,Application
android-support-v4-googlemaps,70.25,9610,430,643.5,665,94.7368421053,Non-web libraries and frameworks
android-xbmcremote,198,9960.3333333333,162.5,233.75,1715,94.1176470588,Non-web libraries and frameworks
gs-collections,407,44912.3333333333,1322.7777777778,1979.6666666667,1251,93.5064935065,Non-web libraries and frameworks
pdfbox,97.5,35322.6666666667,995.1333333333,1490.2,2749,92.3076923077,Non-web libraries and frameworks
spring-integration,217.25,344459.666666667,152.5913978495,197.8870967742,2834,92.3076923077,Software tools
opencms-core,131.25,126092,643.5858585859,948.8787878788,5740,92.1951219512,Web libraries and frameworks
Terasology,432.25,17133.6666666667,145.1555555556,187.7333333333,1628,92.1568627451,Non-web libraries and frameworks
bc-java,113.25,18041,689.9565217391,1023.4347826087,924,91.6256157635,Application
activejdbc,90.5,5661.3333333333,61.431372549,83.6470588235,1849,90.9090909091,Non-web libraries and frameworks
google-api-java-client,100.25,3343.3333333333,52.1666666667,72.25,1839,90.9090909091,Non-web libraries and frameworks
args4j,121.5,191388,22.7971014493,22.6956521739,4332,90.9090909091,Non-web libraries and frameworks
groovy-eclipse,54.5,397704.333333333,7144.2307692308,10709.8461538462,2205,90.2131361462,Software tools
railo,98,22063.6666666667,940.0444444444,1402.5666666667,1896,90,Software tools
assertj-core,169.25,10074.6666666667,103.890625,123.8359375,1779,90,Non-web libraries and frameworks
pgjdbc,98.25,3901.3333333333,47.1904761905,42.7857142857,6573,90,Non-web libraries and frameworks
android-beacon-library,292.5,1245.6666666667,26.6470588235,31.4705882353,685,90,Non-web libraries and frameworks
togglz,61.5,11163,41.9215686275,54.3823529412,1314,90,Non-web libraries and frameworks
Smack,244,6450,124.9677419355,171.9516129032,4599,89.7058823529,Non-web libraries and frameworks
jackson-core,271.75,252804,52.3888888889,66.5833333333,1335,89.4736842105,Non-web libraries and frameworks
zk,85.5,945807,342.5784313725,496.8676470588,3382,87.7142857143,Web libraries and frameworks
android_frameworks_base,395.25,84429.3333333333,295.1312056738,395.6968085106,2493,87.6530612245,Non-web libraries and frameworks
TwelveMonkeys,87.25,107073.666666667,379.5,564.25,2178,87.5,Non-web libraries and frameworks
languagetool,167.25,4447.6666666667,107.3854166667,145.078125,4477,87.5,Software tools
spring-android,209.75,8463.6666666667,267.6666666667,398.5,1734,87.0967741935,Non-web libraries and frameworks
freemarker,131.75,9670.6666666667,560.5,837.75,1986,86.7256637168,Non-web libraries and frameworks
ormlite-core,89.5,8534.3333333333,339.4,506.6,1709,86.6666666667,Non-web libraries and frameworks
keepassdroid,209.5,11166.6666666667,83.0666666667,114.6,2277,86.6666666667,Non-web libraries and frameworks
spring-data-mongodb,225.75,28812.3333333333,76.9316239316,95.8974358974,1849,86.5384615385,Software tools
hudson-2.x,59.25,87945.6666666667,234.0333333333,336.05,2355,86.4768683274,System Software
geoserver,333.25,19185.3333333333,179.6783333333,169.5175,1525,86.432160804,System Software
logstash-logback-encoder,90.25,9831,25.2525252525,21.3787878788,967,86.3636363636,Non-web libraries and frameworks
shiro,90.25,9005.3333333333,971.8333333333,1456.75,3559,85.7142857143,Application
JavaHamcrest,203.5,10528,41.7179487179,56.0769230769,3398,85.7142857143,Non-web libraries and frameworks
enunciate,81,93944.6666666667,205.0980392157,299.1470588235,3354,85.7142857143,Web libraries and frameworks
hibernate-orm,716.75,40224,198.47,197.705,2974,85.0187265918,Non-web libraries and frameworks
davdroid,176.25,92453,151.8333333333,222.75,691,84.6153846154,Application
OpenIAB,161.25,8655,21.6923076923,19.5384615385,834,84.6153846154,Non-web libraries and frameworks
Applied-Energistics-2,122.25,6783.6666666667,136.7070707071,188.5606060606,601,84.6153846154,Application
servo,283.25,5103,37.1212121212,44.6818181818,1335,84.6153846154,Application
spring-data-commons,101.25,69099.3333333333,74.6,96.9,1896,84.6153846154,Software tools
jmeter,112.25,20913,1251.5,1875.25,6195,84.4444444444,Application
zookeeper,519.5,18538.3333333333,359.125,534.6875,2634,84.375,Software tools
jPOS,91.5,7146.6666666667,164.8333333333,234.25,6128,84.2105263158,Application
thymeleaf,132.75,4980,142.1515151515,207.7272727273,1329,84,Web libraries and frameworks
restfb,132.5,4777.3333333333,39.2638888889,46.8958333333,2004,83.3333333333,Non-web libraries and frameworks
spring-data-rest,156.25,13799.6666666667,46.4761904762,55.7142857143,1261,83.3333333333,Non-web libraries and frameworks
platform_frameworks_support,259,22148.6666666667,188.8412698413,262.2619047619,1656,83.0508474576,Non-web libraries and frameworks
openwayback,62.75,64428,103.2361111111,142.8541666667,3586,82.3529411765,Software tools
soot,136.25,332761,387.9925925926,559.4888888889,6798,82.3529411765,Non-web libraries and frameworks
OG-Platform,114.5,187441.333333333,1321.5609756098,1961.8414634146,2177,81.9919517103,Software tools
grails-core,628.75,8304.6666666667,87.45,31.175,3699,81.8181818182,Web libraries and frameworks
mapdb,545.5,263276,100.2916666667,138.4375,1099,81.4814814815,System Software
Openfire,271.25,72356.6666666667,211.3066666667,291.96,3954,81.3953488372,System Software
jclouds,186.75,50464.6666666667,153.49,130.235,2322,81.3793103448,Software tools
EhViewer,77.5,140840.333333333,2507.3333333333,3760.5,206,81.25,Application
GWTP,120.5,17022.6666666667,49,53,1993,80.8510638298,Web libraries and frameworks
mongo-java-driver,596,47034.6666666667,75.5974025974,74.8961038961,2411,80.8510638298,Non-web libraries and frameworks
hudson,714.5,120121,155.8983333333,33.8475,3064,80.7615230461,Software tools
gwt,176.75,31749.3333333333,638.8830409357,929.8245614035,3180,80.3819444444,Software tools
cursor-utils,59.75,2685,19.5333333333,26.8,236,80,Non-web libraries and frameworks
Java-Thread-Affinity,64.75,6462.6666666667,24.25,32.375,662,80,Application
gnucash-android,158.25,87926,34.1794871795,38.2692307692,1186,80,Application
subsonic,71.75,48995.3333333333,371,554.5,1120,80,Application
Subsonic,53.25,10915.3333333333,127.2222222222,184.8333333333,1120,80,Non-web libraries and frameworks
AxonFramework,125.5,49215,103.0990990991,136.1486486486,1994,79.1666666667,Non-web libraries and frameworks
liquibase,391.75,51311.6666666667,86.8516666667,30.2775,2307,78.75,System Software
operaprestodriver,59.5,34093,414.9814814815,613.4722222222,1743,78.5714285714,Non-web libraries and frameworks
playn,86.25,22592.3333333333,109.5517241379,149.8275862069,1670,78.125,Non-web libraries and frameworks
nifty-gui,54.75,5691,190.5714285714,275.3571428571,2686,78,Non-web libraries and frameworks
frames,54,173715,29.0666666667,38.6,1320,77.7777777778,Non-web libraries and frameworks
restlet-framework-java,145.25,12993.6666666667,247.7708333333,355.65625,3530,77.7777777778,Non-web libraries and frameworks
asterisk-java,85.5,19535,95.7738095238,129.6607142857,3457,77.5510204082,Non-web libraries and frameworks
calabash-android,398,15943.6666666667,76.7643678161,86.1465517241,1276,77.3195876289,Software tools
ps3mediaserver,177,5603.3333333333,61.7619047619,78.6428571429,2155,76.5853658537,System Software
slf4j,169,3208.3333333333,35.8468468468,35.2702702703,3731,76.4705882353,Software tools
jnr-ffi,59.25,248328.666666667,114.7333333333,164.6,2481,76.4705882353,Non-web libraries and frameworks
xwiki-platform,89.25,14647,319.4693877551,454.7040816327,3233,76.1310452418,Non-web libraries and frameworks
fanfoudroid,157,22010.6666666667,218.4666666667,325.2,1106,75.8620689655,Application
Resteasy,233.25,16323.3333333333,174.441314554,226.161971831,3099,75,Non-web libraries and frameworks
curator-apache,106,4002.6666666667,105.2894736842,138.9342105263,1499,75,Non-web libraries and frameworks
android-utils,50,488.6666666667,42.8333333333,63.25,167,75,Non-web libraries and frameworks
JSONassert,55.75,56598.3333333333,14.2666666667,16.4,1255,75,Non-web libraries and frameworks
crawljax,115.75,6842.6666666667,39.5555555556,44.3333333333,2806,75,Application
avaje-ebeanorm,81.75,60000,259.7866666667,377.18,1072,75,Non-web libraries and frameworks
legacy-jclouds,217.5,106634,233.7575757576,306.6363636364,1476,74.5283018868,Web libraries and frameworks
openmrs-core,411.25,48292.3333333333,103.7266666667,55.59,3394,73.7354085603,Web libraries and frameworks
vaadin,204.75,17792,244.9264705882,333.3897058824,3236,73.2899022801,Non-web libraries and frameworks
opennlp,49.5,2341,537.0833333333,803.625,1714,73.1707317073,Non-web libraries and frameworks
github-plugin,118.5,4364.6666666667,16.875,9.3125,2261,72.7272727273,Application
rest-assured,168.25,127958.666666667,97.2941176471,137.4411764706,1762,72.7272727273,Web libraries and frameworks
igv,65,284207.333333333,331.7962962963,488.6944444444,1726,72.7272727273,Application
xtext,73,129512.333333333,3590.0808080808,5368.6212121212,2660,72.1223021583,Non-web libraries and frameworks
tomcat70,95,24011.3333333333,1245.4814814815,1863.7222222222,3432,72.1052631579,System Software
ngrinder,57.5,142100.666666667,161.6666666667,237.5,1151,71.4285714286,Application
rstudio,367,8486.3333333333,314.4942528736,457.2413793103,1718,71.4285714286,Application
Ektorp,85.75,15014,39.8596491228,40.7894736842,1434,71.4285714286,Non-web libraries and frameworks
quickfixj,56.25,13973,126.8974358974,183.8461538462,3790,71.4285714286,Non-web libraries and frameworks
antlr4,326,41386.6666666667,91.350877193,118.0263157895,2031,70.9677419355,Software tools
sling,71.25,17779.6666666667,1037.3571428572,1549.0357142857,2903,70.8695652174,Web libraries and frameworks
javassist,127.75,147093.333333333,447.3333333333,668,4495,70,Software tools
bigbluebutton,1089,93631.3333333333,113.8771929825,142.3157894737,2648,70,Application
geotools,178.5,73282.6666666667,575.4226804124,814.6340206186,1665,69.7132616487,Non-web libraries and frameworks
tomcat,297.75,34305.3333333333,1423.5185185185,2130.7777777778,3434,69.6721311475,System Software
UniversalMediaServer,112.75,89852.3333333333,91.1444444444,121.7166666667,1170,69.2607003891,Application
wicket,130.25,9124.3333333333,307.5333333333,443.8,3986,69.2307692308,Web libraries and frameworks
proctor,43.75,89242.3333333333,40.4615384615,54.1923076923,581,69.2307692308,Non-web libraries and frameworks
i2p.i2p,76.25,442917,1512.7333333333,2266.6,4133,68.9781021898,System Software
selenium,778.75,13242,95.8233333333,43.735,3940,68.1818181818,Non-web libraries and frameworks
citrus,178.5,12247,#DIV/0!,#DIV/0!,1328,68.1818181818,Web libraries and frameworks
WorldEdit,320.25,3391.3333333333,58.3888888889,57.5833333333,1767,68.0722891566,Application
browsermob-proxy,109.25,564009.333333333,153.8333333333,221.75,1388,68,Software tools
liferay-plugins,654.25,15260.6666666667,156.03,84.045,2977,66.6666666667,Application
PayPal-Java-SDK,91.75,67686,66.4561403509,90.1842105263,897,66.6666666667,Non-web libraries and frameworks
vraptor,178.5,3419,50.3487179487,43.0230769231,2337,66.6666666667,Web libraries and frameworks
sshj,189.75,2388.6666666667,49.55,64.325,1998,66.6666666667,Non-web libraries and frameworks
capsule,165.75,28563.3333333333,39.2083333333,54.8125,487,66.6666666667,Software tools
picard,76,5837,85.5047619048,110.7571428571,2288,66.6666666667,System Software
gs-core,44.5,2552.6666666667,207,304.5,2331,66.6666666667,Non-web libraries and frameworks
slice,53.75,5255.3333333333,37.4444444444,51.6666666667,865,66.6666666667,Non-web libraries and frameworks
cube-sdk,229.25,2777.6666666667,215.5555555556,321.8333333333,543,66.6666666667,Non-web libraries and frameworks
Minecraft-Server-Mod,67,5650.6666666667,36.4305555556,42.6458333333,211,66.6666666667,System Software
btrace,40.75,11361.6666666667,327.5833333333,489.375,2255,66.6666666667,System Software
AntennaPod,328.75,64505.3333333333,57.268115942,62.902173913,1336,66.6666666667,Application
mycollab,78.75,12600.3333333333,13647,20470,567,66.6666666667,Non-web libraries and frameworks
elasticsearch-analysis-icu,40.25,1968,7.5476190476,4.3214285714,1320,66.6666666667,Application
ImageViewEx,77.5,569.6666666667,48.3333333333,71.5,705,66.6666666667,Non-web libraries and frameworks
ormlite-android,221.25,11979.3333333333,24.4666666667,34.2,1696,66.6666666667,Non-web libraries and frameworks
jmxtrans,276,4390.6666666667,27.1277777778,10.6916666667,1710,66.6666666667,Application
transdroid,101.25,5398.6666666667,80.5128205128,114.2692307692,1287,66.6666666667,Application
spring-social-facebook,95.75,66247.3333333333,66.4117647059,91.1176470588,1829,66.6666666667,Non-web libraries and frameworks
structr,105.25,36813,279.8666666667,412.3,1662,66.6666666667,Non-web libraries and frameworks
tika,101.25,51410.3333333333,250.1666666667,369.25,3064,65.2173913043,Non-web libraries and frameworks
gridgain,99.5,105814.333333333,777.0933333333,1153.14,547,65.1376146789,Non-web libraries and frameworks
incubator-brooklyn,60.75,23227.3333333333,266.0212765957,375.5319148936,1532,65.1162790698,System Software
spring-roo,185.75,64868.6666666667,131.6805555556,185.5208333333,2289,64.9122807018,Non-web libraries and frameworks
aws-sdk-java,502.75,60850.6666666667,533.3744292237,763.5616438356,1977,64.8648648649,Non-web libraries and frameworks
ceylon-compiler,60.25,10686,305.4523809524,444.1785714286,2037,64.7058823529,System Software
eureka,434.25,52147.6666666667,34.2407407407,33.3611111111,5332,64.2857142857,Software tools
erlide,62.75,15398,478.3888888889,711.5833333333,3146,64.2857142857,Software tools
optiq,89.5,80609,268.0909090909,391.1363636364,909,64.2857142857,System Software
soapui,99.75,54204,284.6140350877,407.9210526316,2611,63.6363636364,Non-web libraries and frameworks
xtreemfs,43,109607.333333333,482.2777777778,714.4166666667,2447,63.6363636364,System Software
hbase,233.75,327936.333333333,529.3166666667,763.975,3062,63.612565445,System Software
voltdb,239.5,24082,453.4965986395,655.7448979592,2011,62.8048780488,Software tools
Multiverse-Core,94.75,47256,32.8253968254,38.7380952381,1603,62.7906976744,Non-web libraries and frameworks
wro4j,170.5,3907,75.5225225225,94.7837837838,2218,62.5,Web libraries and frameworks
rest-driver,42.25,181131,40.9166666667,55.375,1489,62.5,Non-web libraries and frameworks
bytecode-viewer,236.5,182917.666666667,239.5925925926,354.8888888889,308,62.0689655172,Software tools
cas,406,116669.333333333,55.8947368421,55.3421052632,1855,61.9047619048,Web libraries and frameworks
wonder,110.5,20587.3333333333,350.2413793103,496.3620689655,4947,61.801242236,Non-web libraries and frameworks
selenide,73.25,13328,44.4722222222,60.7083333333,1385,61.5384615385,Non-web libraries and frameworks
XChange,233.5,35706.6666666667,106.0238095238,124.0357142857,1295,61.5384615385,Non-web libraries and frameworks
pig,187,11254.3333333333,1365.1111111111,2044.6666666667,2357,61.4864864865,Software tools
WorldGuard,176,29010.6666666667,39.9416666667,39.9125,1738,61.1111111111,Application
accumulo,90.25,236138.666666667,323.7592592593,458.6388888889,1416,60.7407407407,System Software
jmonkeyengine,270.25,27359.6666666667,280.7619047619,400.1428571429,1621,60.396039604,Software tools
jdom,58.75,4431.3333333333,380.8666666667,568.8,5376,60,Non-web libraries and frameworks
github-api,111.75,12153,27.641025641,15.4615384615,1945,60,Non-web libraries and frameworks
concourse,79.5,11242.6666666667,761.4047619048,1135.1071428572,972,60,System Software
jzmq,204.25,1226.6666666667,24.2204301075,5.3306451613,1901,60,Software tools
RichTextFX,43.5,44778,60.2,87.8,685,60,Non-web libraries and frameworks
nutch,206.5,43104.3333333333,329.3333333333,491.5,3859,60,Application
sqlite-jdbc,45.25,37868.6666666667,52.3076923077,71.9615384615,2850,60,Non-web libraries and frameworks
stratosphere,87.75,15485,168.1707317073,231.756097561,1288,59.5744680851,Non-web libraries and frameworks
pad,315.5,113199.666666667,77.1052631579,96.6578947368,1242,59.0909090909,Software tools
mondrian,182,12850.3333333333,186.3650793651,258.5476190476,4807,59.0909090909,Application
osmosis,70.25,5566.3333333333,109.2753623188,152.4130434783,3024,58.5365853659,System Software
fab,185.5,10762.3333333333,40.5555555556,59.3333333333,135,58.3333333333,Non-web libraries and frameworks
testng,256.75,7724.6666666667,68.4714285714,67.7071428571,3308,58.064516129,Non-web libraries and frameworks
effectivejava,96.5,22481.3333333333,650.4444444444,974.1666666667,360,57.5,Software tools
rest.li,314.5,24056,212.0909090909,301.6363636364,1067,57.4468085106,Non-web libraries and frameworks
BoofCV,72.25,145098.666666667,4726.6666666667,7089,1576,57.1428571429,Non-web libraries and frameworks
elasticsearch,4541,270112.333333333,205.854,58.781,2021,56.880733945,Software tools
sonarqube,303.5,24496.3333333333,516.7428571429,757.6142857143,1810,56.204379562,Application
lenskit,137.5,9992,140.3518518519,201.5277777778,1950,55.7692307692,Application
ccnx,65.75,57456.3333333333,371.1481481481,552.2222222222,2453,55.5555555556,Non-web libraries and frameworks
modeshape,88.25,13916.3333333333,293.6594202899,417.4891304348,2756,54.5454545455,System Software
zeno,97.75,7696.6666666667,97.6666666667,142,652,54.5454545455,Non-web libraries and frameworks
geppetto,60.75,17689.3333333333,761.2962962963,1137.4444444445,1091,54.5454545455,Software tools
OpenAtlas,126.5,279610.666666667,204.7777777778,305.6666666667,158,54.5454545455,System Software
ofbiz,126.25,111519,831.5384615385,1240.8076923077,3338,54.0983606557,Web libraries and frameworks
camel,426,61073.3333333333,266.5,299.75,3077,54.0856031128,Non-web libraries and frameworks
kite,85.75,9477,117.5483870968,160.8225806452,926,53.8461538462,Non-web libraries and frameworks
log4j,82.75,56474.6666666667,403.75,603.625,5313,52.7472527473,Non-web libraries and frameworks
itextpdf,66.5,42533.6666666667,418.3333333333,621,5272,52.2222222222,Non-web libraries and frameworks
struts,138.5,31888.6666666667,582.0952380952,866.1428571429,3457,51.8518518519,Web libraries and frameworks
activemq,185.25,190568,509.4166666667,746.125,3539,51.6129032258,Application
griffon,45.75,4384.6666666667,320.2777777778,474.4166666667,2529,51.5151515152,Non-web libraries and frameworks
bonecp,151.75,156599.333333333,56.4375,76.65625,2041,51.3513513514,Non-web libraries and frameworks
jena,81.5,34938.6666666667,2294.9393939394,3436.9090909091,1200,50.4807692308,Non-web libraries and frameworks
jbehave-core,92.25,37823.6666666667,72.2698412698,87.4047619048,1988,50,Non-web libraries and frameworks
Pydev,120,23008.3333333333,612.5797101449,907.3695652174,4039,50,Application
mixpanel-android,85.25,7851.3333333333,60.5238095238,83.7857142857,1836,50,Non-web libraries and frameworks
Lealone,158.25,6560.6666666667,4460,6689.5,1139,50,Application
config,452.75,4481.3333333333,32.7692307692,36.1538461538,1378,50,Non-web libraries and frameworks
twilio-java,103.5,40275.6666666667,38.6666666667,42,2157,50,Non-web libraries and frameworks
thucydides,116.25,5504.6666666667,163.6543209877,231.9814814815,1478,50,Software tools
orbit,223.25,4682.6666666667,92.1212121212,132.6818181818,147,50,Non-web libraries and frameworks
HugeCollections,98,83506.3333333333,91.3636363636,131.5454545455,540,50,Non-web libraries and frameworks
errai,93,8234.6666666667,255.4957264957,363.7435897436,2387,50,Web libraries and frameworks
idea-php-laravel-plugin,40.75,788.3333333333,88.3333333333,131.5,322,50,Web libraries and frameworks
signpost,127.5,1898.6666666667,39.6,56.9,2233,50,Non-web libraries and frameworks
datacube,101,1634.3333333333,36.625,50.9375,1016,50,System Software
hbc,236.25,1471.3333333333,25.0625,29.59375,699,50,Non-web libraries and frameworks
stream-lib,416.5,2061.6666666667,22.0144927536,21.5217391304,1575,50,Non-web libraries and frameworks
android-maps-utils,415,12098.6666666667,26.5507246377,28.3260869565,804,50,Non-web libraries and frameworks
wigle-wifi-wardriving,52.75,17473.3333333333,36.5714285714,47.8571428571,1980,50,Application
platform_packages_apps_contacts,113,16809.3333333333,47.7311827957,56.0967741935,2414,50,Non-web libraries and frameworks
brut.apktool,253.5,6968,173.4583333333,256.1875,1121,50,Application
nodeclipse-1,46.75,7214.6666666667,1160.3333333333,1737.5,1223,50,Application
GeoIP2-java,50,14872.6666666667,13.3333333333,14.5,832,50,Non-web libraries and frameworks
analytics-android,54.5,1505,35.6133333333,40.92,867,50,Non-web libraries and frameworks
nginx-clojure,152.5,43597,450,673,624,50,Non-web libraries and frameworks
Kylin,214,46465.6666666667,137.8985507246,195.347826087,448,50,Software tools
incubator-kylin,54,141569,132.5733333333,186.36,434,50,Software tools
BroadleafCommerce,323.75,15015,238.8372093023,336.7558139535,2408,49.2204899777,Non-web libraries and frameworks
avro,161,221808,542.1666666667,810.25,2315,49.1803278689,Software tools
isis,80.25,94669.3333333333,869.7894736842,1295.1842105263,4034,48.3050847458,Non-web libraries and frameworks
zanata-server,45.25,20907.6666666667,440.3095238095,653.4642857143,1671,47.619047619,Application
flume-release,218,13432.3333333333,308.1666666667,457.25,1472,47.0588235294,Software tools
hydra,101,4537.3333333333,339.7272727273,504.0909090909,602,47.0588235294,Software tools
java-object-diff,77.75,4719.6666666667,51.6060606061,71.9090909091,1175,46.6666666667,Non-web libraries and frameworks
mct,222.75,28149,425.358974359,631.5384615385,839,46.6666666667,Application
hibernate-search,82,6685.6666666667,149.0925925926,205.6388888889,2928,46.4285714286,Software tools
denominator,115.25,17707,97.2222222222,139.8333333333,1237,46.1538461538,Software tools
jackson-databind,280,7126.3333333333,95.8285714286,108.7428571429,1335,45.652173913,Non-web libraries and frameworks
DataflowJavaSDK,144.75,4910,115.3983739837,152.5975609756,249,45.4545454545,Software tools
HotswapAgent,85.5,164209.666666667,299.7916666667,445.6875,636,45.4545454545,Software tools
mule,166,28190.3333333333,455.4117647059,657.6176470588,3836,44.8275862069,Application
FML,213.25,121414.666666667,39.3782051282,33.0673076923,1138,44.8275862069,Application
autopsy,79.5,62219.3333333333,161.5512820513,229.3269230769,2516,44.7368421053,Application
marytts,139.25,36259,332.7254901961,490.5882352941,3480,44.6808510638,Non-web libraries and frameworks
mockito,507,5855,59.8928571429,61.8392857143,2826,44,Non-web libraries and frameworks
aws-sdk-android,49.25,81464.6666666667,3656.3333333333,5483,395,43.8679245283,Non-web libraries and frameworks
DSpace,185.75,29826,109.4715447154,123.2073170732,4848,43.6781609195,System Software
android-database-sqlcipher,225.75,3063.3333333333,28,36,1633,42.8571428571,Non-web libraries and frameworks
gerrit-trigger-plugin,119.25,46812.3333333333,33.7463768116,27.6195652174,1893,42.8571428571,Application
poi,56,58398.3333333333,#DIV/0!,#DIV/0!,4949,42.8251121076,Application
owlapi,65.25,59235.6666666667,885.4444444444,1323.6666666667,2408,42.7536231884,Non-web libraries and frameworks
fred,90.5,17977,151.8474576271,198.2711864407,3859,42.6470588235,Application
spring-webflow,61,226537,260.0303030303,384.5454545455,3163,42.1052631579,Software tools
lucene-solr,530,43362,1145.2266666667,1705.34,1983,41.8803418803,Non-web libraries and frameworks
platform_packages_apps_email,63,7032.3333333333,70.4022988506,91.1034482759,2403,40.4761904762,Non-web libraries and frameworks
spring-data-redis,124.25,45498.6666666667,121.9545454545,171.9318181818,1840,40,Non-web libraries and frameworks
Chronicle-Map,93,148602,189.2962962963,279.4444444444,397,40,Application
bndtools,68.25,15621.3333333333,111.7833333333,157.675,2380,40,Application
GeoGig,115,48178.6666666667,125.0833333333,173.625,1207,40,Application
material-dialogs,1135.5,1384,20.0185185185,12.0277777778,289,40,Non-web libraries and frameworks
sql2o,71,14270.3333333333,36.8333333333,47.25,1553,40,Non-web libraries and frameworks
weave,50,16413.6666666667,150.4444444444,222.6666666667,367,40,Software tools
SIREn,41.25,3529,669.8333333333,1003.75,168,40,Non-web libraries and frameworks
spring-data-solr,96.75,7505.3333333333,125.4545454545,182.6818181818,1184,40,Non-web libraries and frameworks
OpenGrok,220.5,2829.6666666667,62.623655914,78.435483871,3192,40,Software tools
gwt-maven-plugin,61.5,73630,23.649122807,25.9736842105,1704,40,Application
pentaho-platform,157.25,69649,161.2387387387,204.8581081081,1430,39.6946564885,Non-web libraries and frameworks
jetty.project,272,63730.3333333333,540.6,800.9,2349,39.603960396,Application
infinispan,211.25,67491.6666666667,265.4082397004,353.6123595506,2347,39.4088669951,Software tools
camunda-bpm-platform,109.5,33380.6666666667,327.9477124183,466.4215686275,1890,39.0977443609,Non-web libraries and frameworks
Mekanism,133.75,7152.6666666667,103.2816091954,125.9224137931,1077,38.4615384615,Application
workflow-plugin,184.5,835239,44.8080808081,50.7121212121,469,38.0952380952,Application
flink,310.25,13715.6666666667,125.7266666667,88.59,1710,37.6146788991,Non-web libraries and frameworks
google-http-java-client,78.75,25711.6666666667,149.625,220.4375,1538,37.5,Web libraries and frameworks
jbpm,287.25,137279.333333333,151.5322580645,196.2983870968,1793,37.5,Application
robovm,457.75,84113,2467.4166666667,3691.125,1846,37.3349339736,Software tools
nd4j,88.75,55357,254.4920634921,371.2380952381,356,37.3134328358,Non-web libraries and frameworks
fixflow,108,42565,579.5277777778,863.2916666667,538,36.3636363636,Software tools
closure-compiler,566.75,17067.6666666667,113.3233333333,69.985,2117,36.3636363636,Software tools
astyanax,357.75,6429,72.8733333333,84.31,1457,36.25,Web libraries and frameworks
spring-amqp,91.25,184440.333333333,70.4027777778,93.6041666667,1871,35.7142857143,Software tools
hadoop,583.75,38132.6666666667,790.6394557823,1161.4591836735,2285,35.3448275862,Software tools
openstack-java-sdk,93,14727,45.5833333333,52.375,1249,35,Non-web libraries and frameworks
rabbitmq-java-client,63,3554.6666666667,59.115942029,77.1739130435,2576,33.3333333333,Web libraries and frameworks
AndroidCaldavSyncAdapater,84,11690.6666666667,196.8333333333,292.25,297,33.3333333333,Non-web libraries and frameworks
UpdateChecker,159,1625,11.1111111111,6.1666666667,739,33.3333333333,Non-web libraries and frameworks
governator,153.25,1880.3333333333,59.4583333333,81.1875,1244,33.3333333333,Web libraries and frameworks
TestFX,66.25,15043.3333333333,41.7037037037,53.5555555556,752,33.3333333333,Non-web libraries and frameworks
androidclient,76,1577,97.7692307692,140.1538461538,1543,33.3333333333,Non-web libraries and frameworks
semantic-versioning,45,1751.3333333333,15.7450980392,15.1176470588,1683,33.3333333333,Software tools
infovore,38.5,3122.3333333333,313.6666666667,469.5,775,33.3333333333,Non-web libraries and frameworks
ehcache3,77.75,17379.6666666667,153.5,222.25,541,33.3333333333,Non-web libraries and frameworks
dcm4che,70,12579.6666666667,188.7555555556,275.6333333333,1801,33.3333333333,Application
hibernate-validator,83.5,52154.3333333333,138.3484848485,196.5227272727,2906,33.3333333333,Non-web libraries and frameworks
Web-Karma,67.25,9972.3333333333,145.3188405797,206.4782608696,1356,33.3333333333,Application
cascading,124.75,32753.3333333333,395.2666666667,587.9,2765,33.3333333333,Non-web libraries and frameworks
fitnesse,291,6691.3333333333,86.1081081081,92.1621621622,3793,33.3333333333,Non-web libraries and frameworks
PassAndroid,44.5,35863,141.3333333333,210.5,963,33.3333333333,Application
ioke,42,41809.3333333333,166.1,244.15,1213,33.3333333333,System Software
SeriesGuide,314.5,17845,318.9444444444,475.4166666667,1420,33.3333333333,Application
cdk,87.5,30594,158.3888888889,231.5833333333,460,32.6086956522,Non-web libraries and frameworks
parquet-mr,93,4423.6666666667,63.7205882353,61.5808823529,1084,32.5842696629,Software tools
artemis-odb,55.5,2934.6666666667,82.9777777778,116.9666666667,1195,32.3529411765,Non-web libraries and frameworks
ribbon,214.75,2241,54.4202898551,70.1304347826,1158,32.2580645161,Web libraries and frameworks
asciidoctorj,59,205435,30.6349206349,35.4523809524,848,32,Non-web libraries and frameworks
pentaho-kettle,224.5,55943.3333333333,319.2465753425,442.3698630137,3574,30.8300395257,Software tools
Activiti,614.75,85876,122.545,83.8175,1878,30.7692307692,Software tools
jOOQ,297.5,56412,311.7142857143,453.5714285714,1488,29.9145299145,Software tools
eucalyptus,174.25,13291,269.6518518519,381.9777777778,2418,29.3103448276,System Software
jcommon,123.25,50814.6666666667,151.303030303,221.4545454545,1248,29.0322580645,Non-web libraries and frameworks
g4studio,106.75,82764,1631,2445.5,751,29.0322580645,Application
ambari,151.25,14781.6666666667,310.2601626016,444.8902439024,1452,28.5714285714,Software tools
blueprints,378.25,6737.6666666667,47.7803030303,49.6704545455,1968,28.5714285714,Non-web libraries and frameworks
XposedBridge,292.25,44370,98.2777777778,144.4166666667,1233,28.5714285714,Non-web libraries and frameworks
aws-toolkit-eclipse,64,179033,366.7777777778,545.6666666667,1662,28.5714285714,Application
opensearchserver,53.5,131852,799.0555555556,1195.5833333333,2623,28.5714285714,Application
CloudStack-archive,106.5,46673.6666666667,862.6777777778,1279.0166666667,775,27.5862068966,System Software
JGroups,162.75,33878.6666666667,152.4621212121,206.6931818182,4355,27.397260274,Non-web libraries and frameworks
unfolding,89.75,17850.3333333333,110.9696969697,160.9545454545,1890,27.2727272727,Non-web libraries and frameworks
choco3,42.5,14283,493.7619047619,737.1428571429,1488,27.2727272727,Non-web libraries and frameworks
bitcoinj,279,5420.6666666667,102.2716049383,126.4074074074,1630,25,Non-web libraries and frameworks
CommandBook,66,14260.6666666667,26.6666666667,32.5,1451,25,System Software
hector,278.75,7067.6666666667,48.1449275362,37.7173913043,1996,25,Non-web libraries and frameworks
spring-social,187,3740.6666666667,39.6166666667,49.425,1831,25,Non-web libraries and frameworks
arquillian-core,83.5,7807.3333333333,46.5317460317,48.7976190476,2128,25,Software tools
less4j,39,42004,251.0740740741,372.1111111111,1163,25,Software tools
gwt-bootstrap,181.25,82723.3333333333,41.5833333333,38.375,1085,25,Web libraries and frameworks
ScreenSlicer,37.75,899.3333333333,450.3333333333,675,274,25,Application
CircularReveal,245,1614,17.1666666667,21.75,242,25,Application
jackson-dataformat-xml,47.25,26848.6666666667,46.0555555556,63.0833333333,1683,25,Non-web libraries and frameworks
vlcj,98,26841.6666666667,654.3333333333,980.5,2268,25,Non-web libraries and frameworks
Java-Lang,78.75,74934.3333333333,99.1333333333,141.2,816,25,Non-web libraries and frameworks
openiot,79,13757,501.4358974359,745.6538461538,803,25,System Software
morphia,275.75,2298.6666666667,54.6666666667,67,1376,25,Non-web libraries and frameworks
vk-android-sdk,86.5,1505.3333333333,51.0222222222,69.0333333333,580,25,Non-web libraries and frameworks
jackson-annotations,110.5,67192.6666666667,8.8222222222,5.7333333333,1326,25,Non-web libraries and frameworks
groovy-core,521,60176,109.8616666667,64.7925,4255,24.5409015025,Software tools
incubator-groovy,226,28970.6666666667,110.1016666667,65.1525,4376,24.3822075783,Non-web libraries and frameworks
maven,165.5,3981.3333333333,93.037037037,117.0555555556,4371,24.1206030151,Software tools
jeromq,298,16291,38.2121212121,40.8181818182,1094,23.8095238095,Non-web libraries and frameworks
onos,78.5,40917.3333333333,198.385620915,272.0784313725,371,23.6842105263,System Software
jackrabbit-oak,72.25,50480.6666666667,748.2857142857,1115.4285714286,1263,23.5294117647,System Software
UltimateAndroid,488.75,12038.6666666667,4407.3333333333,6609.5,407,23.2558139535,Non-web libraries and frameworks
ReactFX,39.75,7432.6666666667,304.8888888889,455.8333333333,613,23.2142857143,Non-web libraries and frameworks
caelum-stella,133.75,8669,73.5238095238,92.7857142857,2678,22.7272727273,Web libraries and frameworks
Bukkit,779.5,57702.6666666667,77.79,16.685,1335,22.2466960352,Non-web libraries and frameworks
h-store,85.25,63627,984.6078431373,1468.4117647059,1738,22.2222222222,System Software
MinecraftForge,542,3417,78.5483333333,17.8225,1501,21.9178082192,Software tools
RustDT,54.5,4711,879,1317,413,21.4285714286,Software tools
immutables,127.25,84821.3333333333,148.6666666667,218.5,773,21.4285714286,Non-web libraries and frameworks
gatk,103.75,9120.3333333333,136.2066666667,179.31,2324,20.8333333333,Non-web libraries and frameworks
BungeeCord,235.5,893559.333333333,28.8103448276,14.2155172414,1043,20,System Software
core,137.25,55402.3333333333,288.0666666667,417.1,2663,20,Web libraries and frameworks
goclipse,139.25,9766.3333333333,571.1333333333,854.2,2105,20,Application
hibernate-ogm,79.5,4436.6666666667,173.5606060606,249.3409090909,1628,20,Non-web libraries and frameworks
java-cas-client,69.75,3287.3333333333,36.6444444444,47.4666666667,3299,20,Web libraries and frameworks
ExtrabiomesXL,73.75,12117.6666666667,39.2,41.3,1146,20,Software tools
pi4j,146.25,11742.3333333333,114.5952380952,164.8928571429,1062,20,Non-web libraries and frameworks
httpclient,110.75,30524,697,1044,3528,20,Web libraries and frameworks
querydsl,223.75,165230,177.2520325203,245.3780487805,2740,20,Non-web libraries and frameworks
mage,112,60665.3333333333,879.109375,1286.6640625,1980,20,Application
ols,69.5,8709.6666666667,236.3333333333,350.5,1739,20,Application
antlr3,77,22796,183.6666666667,268,1624,20,Software tools
webprotege,52.5,71840,1459.1666666667,2186.75,1142,18.1818181818,Software tools
eurekastreams,62.5,118759,473.7142857143,703.5714285714,1293,18.1818181818,Web libraries and frameworks
wildfly,824.25,118556,168.4022222222,102.6033333333,1912,18.018018018,System Software
drools,334.75,24370,286.9076305221,388.8614457831,3545,17.6470588235,Application
xmemcached,129.25,2375.6666666667,184.5185185185,272.2777777778,2269,17.6470588235,Non-web libraries and frameworks
docker-plugin,89,51528.3333333333,18.7471264368,13.6206896552,586,17.1428571429,Application
hazelcast,550,174471.333333333,164.125,146.1875,2440,17,Non-web libraries and frameworks
hive,423,59592,833.905982906,1231.358974359,2544,16.9117647059,Software tools
libjitsi,64.75,7344.3333333333,183.9814814815,266.9722222222,1164,16.6666666667,Non-web libraries and frameworks
boon,124.5,9937,229.6515151515,333.4772727273,609,16.6666666667,Software tools
guacamole-client,198.25,2923.6666666667,84.1515151515,120.7272727273,1882,16.6666666667,Web libraries and frameworks
egit-github,174.75,1556.6666666667,76.4561403509,105.1842105263,1561,16.6666666667,Non-web libraries and frameworks
bson4jackson,49,1059,24.8888888889,32.8333333333,1739,16.6666666667,Software tools
Java-Chronicle,328.25,5014.6666666667,56.3055555556,78.4583333333,765,16.6666666667,Non-web libraries and frameworks
jsprit,51.75,13286,441.5,660.25,797,16.2790697674,Non-web libraries and frameworks
undertow,300.75,36547.3333333333,96.9234234234,108.3851351351,1128,16,System Software
incubator-calcite,66.75,39490.6666666667,184.0866666667,251.13,1219,15.7303370787,Non-web libraries and frameworks
docx4j,249.75,20627.6666666667,857.7450980392,1278.1176470588,2830,15.625,Non-web libraries and frameworks
Twidere-Android,166.75,25313,462.9333333333,689.4,413,15.3846153846,Application
checkstyle,206.25,102307.666666667,90.3276836158,105.9915254237,5173,14.7058823529,Software tools
voldemort,536,11354,133.5595238095,172.3392857143,1580,14.7058823529,Application
Tweetin,50.5,4917.6666666667,524,785.5,132,14.2857142857,Application
jdbi,166.75,14468.3333333333,42.59375,47.890625,3832,14.2857142857,Non-web libraries and frameworks
tachyon,639.25,16079,85.1733333333,27.76,973,14.2857142857,Application
KJFrameForAndroid,469,10385.3333333333,168.5555555556,251.3333333333,438,14.2857142857,Non-web libraries and frameworks
eclipsefp,52.5,23851,210.1111111111,306.1666666667,3622,13.8888888889,Application
processing-android,67,15490.3333333333,158.6862745098,229.5294117647,2090,13.3333333333,Non-web libraries and frameworks
spring-data-neo4j,251.5,8036.3333333333,111.6559139785,151.9838709677,1920,13.1578947368,Non-web libraries and frameworks
airlift,49,219719.333333333,103.5614035088,145.8421052632,1834,12.5,Non-web libraries and frameworks
jitsi,281,62775.6666666667,371.4791666667,541.21875,3679,12.5,Application
appfuse,136.25,4581.3333333333,106,151.5,4140,12.5,Web libraries and frameworks
Rythm,49.25,16356.3333333333,131.4666666667,192.2,1297,12.5,Software tools
drill,234.5,50989.3333333333,274.8062015504,390.7093023256,1082,12.1212121212,Software tools
repose,118.25,21548.3333333333,105.5858585859,141.8787878788,1463,11.4285714286,Software tools
mahout,269.25,19934.3333333333,280.0625,412.09375,2762,11.320754717,Software tools
BuildCraft,419,53186.6666666667,85.8683333333,28.8025,1199,11.1111111111,Application
multibit,166.5,14269.6666666667,166.3333333333,245.5,1017,11.1111111111,Application
uaa,162.25,94735.3333333333,68.4404761905,74.6607142857,1409,11.1111111111,System Software
Essentials,319.5,254974,44.4131455399,31.1197183099,1549,10.5263157895,System Software
cloudstack,224.75,26179.6666666667,191.595,187.3925,1836,10.2040816327,Software tools
idea-php-symfony2-plugin,110.75,38169.3333333333,151.3,221.95,866,10,Application
phonegap-app-developer,97.75,11934,264.9583333333,393.4375,882,9.4339622642,Web libraries and frameworks
BiomesOPlenty,79,1835,56.1060606061,62.1590909091,863,9.0909090909,Application
box2dlights,47.25,10413.3333333333,23.0416666667,30.5625,511,9.0909090909,Non-web libraries and frameworks
giraph,134.5,22610.3333333333,527.0416666667,786.5625,1454,8.3333333333,Software tools
keycloak,137.5,36099,159.7142857143,208.0714285714,780,8.1081081081,Software tools
jstorm,370.5,8057,3019.6666666667,4528.5,701,7.4074074074,Software tools
Metamorphosis,307.5,6164.3333333333,313.0476190476,466.0714285714,1110,7.1428571429,Application
bither-android,50.75,16905.3333333333,467.6111111111,698.4166666667,446,6.6666666667,Application
error-prone,194.25,10958.6666666667,81.0114942529,107.0172413793,1393,6.6666666667,Software tools
mcMMO,151.75,33025.6666666667,42.0136054422,38.5204081633,1764,6,Application
phonegap-facebook-plugin,757.25,6926.6666666667,55.7936507937,62.6904761905,1354,5.6603773585,Application
spatial4j,78.75,4331.3333333333,182.6666666667,273,46,5.5555555556,Non-web libraries and frameworks
evernote-sdk-android,111,49921,58.4583333333,83.6875,1193,5.3892215569,System Software
stratio-cassandra,82.75,40766,148.329588015,177.9943820225,2306,5.1724137931,Software tools
astrid,487,33027,446.6481481481,660.9722222222,1087,5.1020408163,Application
socialize-sdk-android,54.25,6533.6666666667,485.125,723.6875,1547,4.3956043956,System Software
mopub-android-sdk,112.75,93567,281.9583333333,418.9375,870,3.2432432432,System Software
bnd,91.75,12997,183.1458333333,258.71875,2971,2.7027027027,Software tools
oozie,118,5709.3333333333,720.7619047619,1077.6428571429,1460,2.7027027027,Software tools
stripe-java,83.5,262357.333333333,32.4320987654,21.6481481481,1474,2.6086956522,Non-web libraries and frameworks
ANE-Facebook,107,60255.6666666667,105.5555555556,152.3333333333,1234,1.1235955056,System Software
pinpoint,190,13962,282.4933333333,411.24,1158,1.0989010989,Software tools
vraptor4,141,4161,52.8412698413,58.2619047619,840,1.0416666667,Web libraries and frameworks
